PC1,PC2,PC3,model,family,log_n_params,composite_benchmark
22.306951946749802,-16.491053769933156,1.567096021664391,gpt2-small,gpt2,18.63579212356931,0.0909343207018751
12.507991891916452,-16.795148865835877,9.776341664119327,gpt2-medium,gpt2,19.68762834743969,0.1144403270496718
9.988582384427485,-6.232644363511291,5.197445179361697,gpt2-large,gpt2,20.467082431554,0.1104280506724707
5.0464941831778,-7.7593722111209384,7.7786943988127195,gpt2-xl,gpt2,21.12873094505457,0.1243170084941437
45.11101976115912,-5.856351710302729,-15.340342060666927,pythia-70m,pythia,18.064005800013632,0.0842875257399538
27.426262680889252,-9.188347601167623,-6.525202165186198,pythia-160m,pythia,18.903106893196657,0.0849305967768366
13.711432023444319,-12.563649293274546,-2.7632393466390015,pythia-410m,pythia,19.819397625070813,0.1055077179816064
11.011407984759485,-16.969478924668476,4.5462865522587,pythia-1b,pythia,20.734205776984744,0.0904615946398178
7.039787125527824,-12.119508143706936,4.11156366435243,pythia-1.4b,pythia,21.070395368041613,0.1113284349595147
5.528997963801312,-9.488329536620466,6.912449568453347,pythia-2.8b,pythia,21.74391658414481,0.1363575392882791
1.3702033542405414,-18.445937980730427,21.53904838334507,pythia-6.9b,pythia,22.64853586524864,0.13565459455349
-0.30937258941650025,-17.827768082416895,27.055969029648576,pythia-12b,pythia,23.195340507919035,0.1280671930832335
-1.3549951749721152,0.6199648023050913,-1.1637077421538062,llama2-7b,llama2,13.815510557964274,
-1.3549951749721152,0.6199648023050913,-1.1637077421538062,llama2-70b,llama2,13.815510557964274,
0.2371249352228918,0.42555487910248896,-15.077524737842479,llama3-1b,llama3,20.93514619598191,0.203920106192723
-1.214180850391529,-2.5783748536144304,-18.76194126446653,llama3-1b-it,llama3,20.93514619598191,0.4009655943412433
-5.427788829188058,1.9883741502571297,-10.411015523067501,llama3-3b,llama3,21.890470917080133,0.5597882266467012
-9.292163907300106,2.7099259684832777,-9.339895469622434,llama3-8b,llama3,22.80645036490508,0.6820649888462634
-1.3549951749721152,0.6199648023050913,-1.1637077421538062,llama3-70b,llama3,13.815510557964274,
-9.947720739849297,2.230541224213168,-8.581898223110288,llama3.1-8b,llama3.1,13.815510557964274,0.6645977633973298
-23.61911129380183,-1.3326311991471262,-5.1853515235187535,llama3.1-70b,llama3.1,13.815510557964274,0.8692780399312747
-23.86101797838142,-1.125646746237287,-4.749517876656486,llama3.3-70b-it,llama3.3,13.815510557964274,0.9090427896663996
1.949749925256533,1.2794240653662494,-7.522651043948354,qwen2-1.5b,qwen2,13.815510557964274,0.4864183130678123
-8.9326604800307,-3.625364602912359,-7.3327164421708675,qwen2-7b,qwen2,13.815510557964274,0.7441345672578357
-22.802985845735233,-3.910150936434518,0.34926640597382624,qwen2-72b,qwen2,13.815510557964274,0.9347580449614296
-1.480785500312445,-4.954980299429364,-10.761766176332772,qwen2.5-1.5b,qwen2.5,13.815510557964274,0.5800423729417432
-8.567423132355527,-5.33879378503379,-7.395258351367563,qwen2.5-7b,qwen2.5,13.815510557964274,0.7924417112580924
-17.646022294709983,-6.19751671076713,-2.0177049537635003,qwen2.5-32b,qwen2.5,13.815510557964274,0.927531473620229
-23.85122144715787,-3.7214011433058527,-1.8054807031048599,qwen2.5-72b,qwen2.5,13.815510557964274,0.9677226883063552
-4.9223842617953935,-7.967501458642238,-4.883833012316229,qwen3-1.7b,qwen3,13.815510557964274,0.5368685894450784
-11.020365779352035,-5.700609418920305,-1.4320661590227364,qwen3-8b,qwen3,13.815510557964274,0.7917184802432199
-13.367355234275674,-6.464588892153905,0.30533512186801504,qwen3-14b,qwen3,13.815510557964274,0.8786133848241993
-18.09800201143449,-6.747355883941321,1.2591848367365146,qwen3-32b,qwen3,13.815510557964274,0.9160305865150316
14.016108554180436,18.701035341766975,-3.850616189762959,qwen3.5-0.8b,qwen3.5,20.5001222856322,0.4351912934857324
14.342494760728714,19.239623354089527,-3.5737705004738722,qwen3.5-0.8b-it,qwen3.5,20.5001222856322,0.4629063172335164
8.399814657613167,21.575571544424008,0.4174039494632014,qwen3.5-2b,qwen3.5,21.41641301750636,0.5312116500347464
8.69902332493357,21.549552676813175,-0.01625308195366095,qwen3.5-2b-it,qwen3.5,21.41641301750636,0.5663146407984488
2.311772305627942,21.586135934363202,4.7744637063939965,qwen3.5-4b,qwen3.5,22.1095601980663,0.7885305143480799
2.467336156514484,22.13660685001219,4.932587360243869,qwen3.5-4b-it,qwen3.5,22.1095601980663,0.7443270844294353
-0.34236097863299764,16.547471249449902,9.061128952158993,qwen3.5-9b,qwen3.5,22.920490414282632,0.7646478659771524
-0.3792579099247927,16.555622752846975,8.937319280627234,qwen3.5-9b-it,qwen3.5,22.920490414282632,0.7340225125001751
-9.204759370758747,12.721340775584856,12.646739107821508,qwen3.5-27b-it,qwen3.5,24.01910270295074,0.979308658167585
-1.3549951749721152,0.6199648023050913,-1.1637077421538062,gemma1-2b,gemma1,13.815510557964274,
-1.3549951749721152,0.6199648023050913,-1.1637077421538062,gemma1-7b,gemma1,13.815510557964274,
-1.3549951749721152,0.6199648023050913,-1.1637077421538062,gemma2-2b,gemma2,13.815510557964274,
-1.3549951749721152,0.6199648023050913,-1.1637077421538062,gemma2-9b,gemma2,13.815510557964274,
-1.3549951749721152,0.6199648023050913,-1.1637077421538062,gemma2-27b,gemma2,13.815510557964274,
-1.3549951749721152,0.6199648023050913,-1.1637077421538062,gemma3-1b,gemma3,13.815510557964274,
-1.3549951749721152,0.6199648023050913,-1.1637077421538062,gemma3-4b,gemma3,13.815510557964274,
-1.3549951749721152,0.6199648023050913,-1.1637077421538062,gemma3-12b,gemma3,13.815510557964274,
-1.3549951749721152,0.6199648023050913,-1.1637077421538062,gemma3-27b,gemma3,13.815510557964274,
5.806873007952541,8.138420508898808,5.561865592409859,gemma4-e2b,gemma4,21.55617495988152,0.567807436927995
2.83909469720125,10.50748728513245,7.759912197637689,gemma4-e4b,gemma4,22.227343233722685,0.7503907278675513
8.780550670029294,14.279344869013068,18.129500725637865,gemma4-e4b-it,gemma4,22.227343233722685,0.5474331637820763
-7.12563887433137,3.9754037922341303,18.91175311877649,gemma4-31b,gemma4,24.15725304143156,0.9434978558096064
9.226315548574544,-2.6870923086167116,-11.303218876512739,olmo-1b,olmo,20.888780275423983,0.0640195528086414
-2.799667465553312,-1.7395942712156733,-11.409454339389002,tinyllama-1.1b,tinyllama,20.818576016750736,0.1098566035159351
0.34679903042597987,-9.757821856051288,2.473856108976001,phi-2,phi,21.716517609956693,0.5670925472711031
